naziv_usluge;cijena;valuta;posebni_oblik_prodaje;sidrena_cijena;datum_sidrenja
Vrtna Salata;10,00;EUR;;10,00;10.09.2026.
Vegetarijanski Carpaccio;20,00;EUR;;20,00;10.09.2026.
Goveđi Tartar;21,00;EUR;;21,00;10.09.2026.
Pesto Burrata;23,00;EUR;;23,00;10.09.2026.
Pršut, Sir i Ostalo;26,00;EUR;;26,00;10.09.2026.
Gambero Rosso Carpaccio;28,00;EUR;;28,00;10.09.2026.
Krem Juha od Tikvica i Kurkume;11,00;EUR;;11,00;10.09.2026.
Grill Brokula;23,00;EUR;;23,00;10.09.2026.
Soparnik s Paškim Sirom;24,00;EUR;;24,00;10.09.2026.
Žrnovski Makaruni u Babinoj Salsi;25,00;EUR;;25,00;10.09.2026.
Makaruni u Samoniklom Pestu;27,00;EUR;;27,00;10.09.2026.
Njoki i Rustikalna Govedina;36,00;EUR;;36,00;10.09.2026.
Grill Hobotnica;38,00;EUR;;38,00;10.09.2026.
Janjetina;40,00;EUR;;40,00;10.09.2026.
Grdobina & Makaruni s Tartufima;42,00;EUR;;42,00;10.09.2026.
Suho Odležani Rib Eye (21 Dana);45,00;EUR;;45,00;10.09.2026.
Peka – Janjetina / Teletina / Piletina (po osobi);45,00;EUR;;45,00;10.09.2026.
Peka – Hobotnica (po osobi);49,00;EUR;;49,00;10.09.2026.
Peka – Riba (po kg);99,00;EUR;;99,00;10.09.2026.
Slatko Dana;11,00;EUR;;11,00;10.09.2026.
Tradicionalne Slastice Korčule;9,00;EUR;;9,00;10.09.2026.
Konoba Maha Pošip 0,125 l;8,00;EUR;;8,00;10.09.2026.
Konoba Maha Pošip 0,75 l;38,00;EUR;;38,00;10.09.2026.
Sauvignon Šoškić 0,75 l;35,00;EUR;;35,00;10.09.2026.
Pošip Nerica 0,75 l;50,00;EUR;;50,00;10.09.2026.
Malvazija Kozlović 0,75 l;52,00;EUR;;52,00;10.09.2026.
Debit Ante Sladić 0,75 l;52,00;EUR;;52,00;10.09.2026.
Maraština Markus 0,125 l;12,00;EUR;;12,00;10.09.2026.
Maraština Markus 0,75 l;57,00;EUR;;57,00;10.09.2026.
Grk Radovanović 0,125 l;13,00;EUR;;13,00;10.09.2026.
Grk Radovanović 0,75 l;60,00;EUR;;60,00;10.09.2026.
Pošip Pavičić Sur Lie 0,75 l;66,00;EUR;;66,00;10.09.2026.
Chardonnay Sur Lie Barun 0,125 l;15,00;EUR;;15,00;10.09.2026.
Chardonnay Sur Lie Barun 0,75 l;69,00;EUR;;69,00;10.09.2026.
Chablis 1er Cru 0,75 l;80,00;EUR;;80,00;10.09.2026.
Sancerre Silex 0,75 l;104,00;EUR;;104,00;10.09.2026.
Rosé Galić 0,75 l;41,00;EUR;;41,00;10.09.2026.
Miraval Château 0,75 l;67,00;EUR;;67,00;10.09.2026.
Konoba Maha Plavac 0,125 l;8,00;EUR;;8,00;10.09.2026.
Konoba Maha Plavac 0,75 l;39,00;EUR;;39,00;10.09.2026.
Plavac Single Barrel 0,75 l;49,00;EUR;;49,00;10.09.2026.
Masi Campofiorin 0,75 l;52,00;EUR;;52,00;10.09.2026.
Maha & Bratiničević Zinfandel 0,125 l;12,00;EUR;;12,00;10.09.2026.
Maha & Bratiničević Zinfandel 0,75 l;57,00;EUR;;57,00;10.09.2026.
Degarra Bontera 0,125 l;12,00;EUR;;12,00;10.09.2026.
Degarra Bontera 0,75 l;59,00;EUR;;59,00;10.09.2026.
Pinot Noir Barun 0,125 l;14,00;EUR;;14,00;10.09.2026.
Pinot Noir Barun 0,75 l;67,00;EUR;;67,00;10.09.2026.
Pagan Reserva 0,75 l;82,00;EUR;;82,00;10.09.2026.
Babić Gracin 0,125 l;18,00;EUR;;18,00;10.09.2026.
Babić Gracin 0,75 l;89,00;EUR;;89,00;10.09.2026.
Veliko Crno Markus 0,75 l;156,00;EUR;;156,00;10.09.2026.
Dingač Markus Pepeljuh 0,75 l;195,00;EUR;;195,00;10.09.2026.
Markus Franz Ferdinand 0,75 l;1100,00;EUR;;1100,00;10.09.2026.
Maha Elegance 0,125 l;11,00;EUR;;11,00;10.09.2026.
Maha Elegance 0,75 l;55,00;EUR;;55,00;10.09.2026.
Barun Le Rosé Pinot Noir 0,75 l;57,00;EUR;;57,00;10.09.2026.
Taittinger Brut 0,75 l;117,00;EUR;;117,00;10.09.2026.
Leclerc Briant Réserve Brut Bio 0,75 l;150,00;EUR;;150,00;10.09.2026.
Degustacijski Meni (Meni);145,00;EUR;;145,00;10.09.2026.
Degustacijski Meni (S Paringom Vina i Koktela);190,00;EUR;;190,00;10.09.2026.
Grupni Meni (Samo Hrana);110,00;EUR;;110,00;10.09.2026.
Grupni Meni (Hrana, Vino & Kokteli);150,00;EUR;;150,00;10.09.2026.
